Name,Surname,Gender,Birthdate,Account #,PIN,Email
Chloe,Clark,Unknown,07/10/05,00000001,39035907,chloe.clark@example.com
David,Johnson,Unknown,05/06/02,00000002,53978807,david.johnson@example.com
Meryl,Brown,Male,06/19/03,00000003,41045666,meryl.brown@example.com
Victoria,Taylor,Unknown,01/04/03,00000004,27568772,victoria.taylor@example.com
Aria,Taylor,Unknown,11/19/04,00000005,56372239,aria.taylor@example.com
Julian,Nelson,Female,04/30/02,00000006,93173755,julian.nelson@example.com
Michael,Brown,Female,01/09/06,00000007,58561633,michael.brown@example.com
Ethan,Anderson,Female,09/07/02,00000008,63981088,ethan.anderson@example.com
Chloe,Jones,Unknown,06/02/03,00000009,92082569,chloe.jones@example.com
Jessica,Adams,Unknown,07/29/01,00000010,90811025,jessica.adams@example.com
Elijah,Garcia,Female,09/07/02,00000011,86340088,elijah.garcia@example.com
Victoria,Martinez,Female,02/23/06,00000012,27607640,victoria.martinez@example.com
Victoria,Jones,Unknown,03/28/01,00000013,78667845,victoria.jones@example.com
Aria,Wright,Female,12/26/02,00000014,44230580,aria.wright@example.com
Elijah,Anderson,Unknown,12/21/01,00000015,99235977,elijah.anderson@example.com
Chloe,Thompson,Unknown,11/13/04,00000016,63483659,chloe.thompson@example.com
Benjamin,Gonzalez,Female,06/06/01,00000017,96363945,benjamin.gonzalez@example.com
Leo,Clark,Unknown,11/28/02,00000018,31505084,leo.clark@example.com
James,Jones,Unknown,01/17/01,00000019,58984289,james.jones@example.com
Sebastian,Davis,Female,07/30/04,00000020,83775126,sebastian.davis@example.com
Meryl,Smith,Unknown,09/13/02,00000021,36491046,meryl.smith@example.com
Sophia,Harris,Unknown,12/09/03,00000022,20847615,sophia.harris@example.com
Jessica,Robinson,Male,12/24/02,00000023,75683370,jessica.robinson@example.com
Daniel,Harris,Male,12/13/02,00000024,37217986,daniel.harris@example.com
Jessica,Wilson,Female,05/26/03,00000025,24824876,jessica.wilson@example.com
Sophia,Wilson,Unknown,03/11/05,00000026,10040625,sophia.wilson@example.com
Emma,Garcia,Unknown,06/06/03,00000027,49669397,emma.garcia@example.com
Sebastian,Brown,Male,02/02/03,00000028,56850575,sebastian.brown@example.com
Elijah,Davis,Unknown,01/29/05,00000029,32286132,elijah.davis@example.com
Elijah,Williams,Unknown,07/29/04,00000030,25748744,elijah.williams@example.com
Amelia,Rodriguez,Male,01/27/01,00000031,10441680,amelia.rodriguez@example.com
Roger,Williams,Female,07/17/02,00000032,19349087,roger.williams@example.com
Jessica,Brown,Unknown,12/14/03,00000033,26019261,jessica.brown@example.com
David,Lopez,Unknown,09/15/06,00000034,68210888,david.lopez@example.com
John,Clark,Male,02/04/06,00000035,69582507,john.clark@example.com
Jessica,Wilson,Female,01/15/03,00000036,98703935,jessica.wilson@example.com
Lucas,Young,Unknown,04/15/06,00000037,84364306,lucas.young@example.com
Zoe,Martin,Unknown,12/10/02,00000038,68253672,zoe.martin@example.com
Michael,Anderson,Female,02/22/06,00000039,23245763,michael.anderson@example.com
Aria,Jackson,Male,01/10/03,00000040,40534936,aria.jackson@example.com
Mason,Smith,Unknown,11/06/01,00000041,43394171,mason.smith@example.com
Julian,Walker,Female,09/24/05,00000042,22058503,julian.walker@example.com
Liam,Perez,Unknown,04/04/02,00000043,59569777,liam.perez@example.com
Sebastian,Moore,Female,02/23/02,00000044,61806173,sebastian.moore@example.com
Olivia,Scott,Female,04/21/01,00000045,57935296,olivia.scott@example.com
Noah,Baker,Unknown,05/04/02,00000046,52459056,noah.baker@example.com
Roger,Anderson,Male,01/17/04,00000047,22201146,roger.anderson@example.com
Hannah,Ramirez,Female,06/23/04,00000048,53815688,hannah.ramirez@example.com
Zoe,Brown,Female,06/20/01,00000049,19083367,zoe.brown@example.com
Julian,Martin,Male,02/28/01,00000050,60271611,julian.martin@example.com
Sarah,Jackson,Female,03/06/05,00000051,79730450,sarah.jackson@example.com
Emma,Allen,Male,07/02/04,00000052,81040353,emma.allen@example.com
Chloe,Gonzalez,Female,02/21/04,00000053,71631434,chloe.gonzalez@example.com
Mason,Smith,Male,12/25/04,00000054,73870352,mason.smith@example.com
Mason,Johnson,Female,06/16/01,00000055,99243168,mason.johnson@example.com
Alexander,Lewis,Male,05/19/01,00000056,54486417,alexander.lewis@example.com
Michael,Scott,Male,12/28/02,00000057,60031953,michael.scott@example.com
John,Robinson,Unknown,10/08/06,00000058,53250627,john.robinson@example.com
James,Jones,Male,02/26/02,00000059,12561061,james.jones@example.com
Ava,Harris,Female,02/13/04,00000060,17009037,ava.harris@example.com
Sophia,Garcia,Female,01/05/03,00000061,72433103,sophia.garcia@example.com
Mia,Thompson,Unknown,07/29/03,00000062,78792030,mia.thompson@example.com
James,Scott,Female,06/05/01,00000063,25503921,james.scott@example.com
David,Allen,Unknown,08/09/03,00000064,57889150,david.allen@example.com
Benjamin,Carter,Male,07/14/03,00000065,97079185,benjamin.carter@example.com
Ethan,Wilson,Unknown,07/16/03,00000066,21695605,ethan.wilson@example.com
Henry,Harris,Unknown,11/04/05,00000067,91516363,henry.harris@example.com
Emma,Perez,Male,01/23/06,00000068,64186721,emma.perez@example.com
Henry,Davis,Male,02/09/01,00000069,28021582,henry.davis@example.com
Roger,Smith,Unknown,02/28/06,00000070,51152291,roger.smith@example.com
Hannah,Martinez,Male,01/13/06,00000071,42555598,hannah.martinez@example.com
Logan,Brown,Female,04/10/05,00000072,98826501,logan.brown@example.com
Ava,Adams,Male,01/05/03,00000073,55606093,ava.adams@example.com
Benjamin,Rodriguez,Unknown,04/27/05,00000074,57194396,benjamin.rodriguez@example.com
Hannah,Lewis,Female,10/11/01,00000075,11070635,hannah.lewis@example.com
Meryl,Thomas,Female,05/31/05,00000076,46859827,meryl.thomas@example.com
Emma,Jackson,Male,07/11/01,00000077,77026947,emma.jackson@example.com
Isabella,White,Female,07/03/05,00000078,57604178,isabella.white@example.com
Grace,Davis,Male,04/28/03,00000079,86268310,grace.davis@example.com
Aria,Nelson,Unknown,10/07/04,00000080,57272655,aria.nelson@example.com
Leo,Baker,Unknown,12/09/04,00000081,89366788,leo.baker@example.com
Ava,Martin,Male,01/19/05,00000082,27954829,ava.martin@example.com
Michael,King,Female,05/24/06,00000083,12260961,michael.king@example.com
Jessica,Garcia,Unknown,11/03/02,00000084,80189410,jessica.garcia@example.com
Elijah,King,Male,06/19/02,00000085,77901965,elijah.king@example.com
Victoria,Scott,Male,12/05/03,00000086,18454623,victoria.scott@example.com
Olivia,Wright,Female,01/16/05,00000087,26061046,olivia.wright@example.com
Sophia,Walker,Male,02/09/06,00000088,58060186,sophia.walker@example.com
Alexander,Jackson,Unknown,03/08/02,00000089,69222729,alexander.jackson@example.com
Henry,Brown,Unknown,03/11/05,00000090,74801433,henry.brown@example.com
Sebastian,Perez,Female,05/05/02,00000091,45366754,sebastian.perez@example.com
Benjamin,Jackson,Female,11/14/03,00000092,69299430,benjamin.jackson@example.com
Amelia,Moore,Male,07/31/05,00000093,28368814,amelia.moore@example.com
Alexander,Miller,Male,09/14/01,00000094,93732384,alexander.miller@example.com
Sebastian,Clark,Female,12/19/01,00000095,18068363,sebastian.clark@example.com
Benjamin,Thomas,Male,11/12/02,00000096,91740849,benjamin.thomas@example.com
Sarah,Perez,Unknown,07/02/04,00000097,79707402,sarah.perez@example.com
Hannah,Lee,Male,06/05/01,00000098,56450220,hannah.lee@example.com
Sophia,Miller,Unknown,01/18/04,00000099,91965370,sophia.miller@example.com
Hannah,Gonzalez,Female,06/15/02,00000100,46515006,hannah.gonzalez@example.com
