Name,Surname,Gender,Birthdate,Account #,PIN,Email
John,Jackson,Unknown,10/06/04,00000001,48872654,john.jackson@example.com
Meryl,Perez,Male,08/02/05,00000002,16937283,meryl.perez@example.com
Roger,Jackson,Female,01/31/05,00000003,77633620,roger.jackson@example.com
Sarah,Perez,Female,02/23/03,00000004,15061951,sarah.perez@example.com
Michael,Robinson,Male,12/24/04,00000005,49437926,michael.robinson@example.com
David,Nelson,Unknown,10/07/01,00000006,14586857,david.nelson@example.com
Emily,Rodriguez,Male,05/27/03,00000007,55713559,emily.rodriguez@example.com
Jessica,King,Male,12/14/05,00000008,69969270,jessica.king@example.com
Daniel,Thompson,Female,08/28/04,00000009,87346459,daniel.thompson@example.com
Sophia,Rodriguez,Female,04/29/04,00000010,66396384,sophia.rodriguez@example.com
Emma,Thomas,Male,06/08/01,00000011,61025760,emma.thomas@example.com
Liam,Smith,Male,04/20/01,00000012,73885073,liam.smith@example.com
Olivia,Miller,Unknown,06/24/06,00000013,74929064,olivia.miller@example.com
Noah,Carter,Female,12/29/02,00000014,30034658,noah.carter@example.com
Ava,Wilson,Unknown,08/11/06,00000015,90588250,ava.wilson@example.com
Isabella,Moore,Unknown,01/18/06,00000016,23128284,isabella.moore@example.com
Ethan,Walker,Male,06/20/01,00000017,41426598,ethan.walker@example.com
Mason,Wright,Male,02/27/06,00000018,63348285,mason.wright@example.com
Lucas,Adams,Male,04/25/06,00000019,47159269,lucas.adams@example.com
Mia,Johnson,Unknown,08/24/02,00000020,99511289,mia.johnson@example.com
Charlotte,Brown,Unknown,05/21/04,00000021,55632686,charlotte.brown@example.com
Amelia,Taylor,Unknown,08/04/06,00000022,10569563,amelia.taylor@example.com
Elijah,Wright,Male,11/17/05,00000023,14178814,elijah.wright@example.com
James,Scott,Female,01/17/05,00000024,44047459,james.scott@example.com
Benjamin,Smith,Unknown,04/17/03,00000025,18429452,benjamin.smith@example.com
Logan,Davis,Unknown,05/14/06,00000026,86762991,logan.davis@example.com
Alexander,Rodriguez,Unknown,02/02/02,00000027,58510200,alexander.rodriguez@example.com
Henry,Miller,Unknown,08/25/02,00000028,62514958,henry.miller@example.com
Ella,Johnson,Unknown,09/05/02,00000029,69442818,ella.johnson@example.com
Grace,Garcia,Unknown,04/03/02,00000030,37712669,grace.garcia@example.com
Hannah,Lewis,Female,09/04/02,00000031,54770870,hannah.lewis@example.com
Victoria,Moore,Male,12/14/02,00000032,48463650,victoria.moore@example.com
Sebastian,Baker,Female,07/10/04,00000033,30190441,sebastian.baker@example.com
Julian,Gonzalez,Unknown,04/29/01,00000034,43784411,julian.gonzalez@example.com
Leo,Moore,Unknown,11/20/01,00000035,19723410,leo.moore@example.com
Chloe,Walker,Unknown,06/11/06,00000036,84467340,chloe.walker@example.com
Aria,Martin,Unknown,08/28/01,00000037,75158760,aria.martin@example.com
Abigail,Garcia,Unknown,02/04/01,00000038,42174950,abigail.garcia@example.com
Zoe,Taylor,Female,10/26/03,00000039,23136440,zoe.taylor@example.com
Aaron,Martinez,Unknown,07/13/03,00000040,79013359,aaron.martinez@example.com
Barbara,Williams,Unknown,07/24/02,00000041,13558118,barbara.williams@example.com
Catherine,Lopez,Female,07/15/04,00000042,74867453,catherine.lopez@example.com
Diana,Wright,Male,08/05/03,00000043,82142340,diana.wright@example.com
Edward,Carter,Male,05/26/01,00000044,79099735,edward.carter@example.com
Fiona,Garcia,Unknown,02/20/03,00000045,19133258,fiona.garcia@example.com
George,Gonzalez,Male,07/16/06,00000046,61529180,george.gonzalez@example.com
Helen,Robinson,Female,02/11/04,00000047,84674243,helen.robinson@example.com
Ian,Martin,Female,03/22/05,00000048,24188035,ian.martin@example.com
Jack,Gonzalez,Unknown,01/05/01,00000049,74925775,jack.gonzalez@example.com
Karen,Harris,Male,01/03/04,00000050,21348960,karen.harris@example.com
Larry,Thompson,Male,08/07/04,00000051,65392929,larry.thompson@example.com
Monica,Smith,Unknown,10/02/04,00000052,67461635,monica.smith@example.com
Nina,Taylor,Male,09/06/06,00000053,21365467,nina.taylor@example.com
Oscar,Williams,Unknown,12/11/02,00000054,65271798,oscar.williams@example.com
Paul,Young,Male,10/08/04,00000055,82036194,paul.young@example.com
Quincy,King,Female,11/27/00,00000056,50784196,quincy.king@example.com
Rachel,Gonzalez,Female,02/23/03,00000057,43468860,rachel.gonzalez@example.com
Steve,Jackson,Female,11/18/03,00000058,98375836,steve.jackson@example.com
Tina,Allen,Unknown,05/07/04,00000059,32442771,tina.allen@example.com
Uma,Miller,Unknown,09/21/02,00000060,80265311,uma.miller@example.com
Victor,Anderson,Male,07/22/02,00000061,32194517,victor.anderson@example.com
Wendy,Johnson,Male,03/19/02,00000062,94640821,wendy.johnson@example.com
Xander,Anderson,Unknown,08/07/02,00000063,70851970,xander.anderson@example.com
Yara,Nelson,Unknown,07/12/04,00000064,77651635,yara.nelson@example.com
Zane,Baker,Male,09/10/03,00000065,61464543,zane.baker@example.com
Brian,Smith,Unknown,04/29/05,00000066,84432517,brian.smith@example.com
Clara,Sanchez,Male,02/20/03,00000067,34218496,clara.sanchez@example.com
Denise,Walker,Female,11/29/02,00000068,71132923,denise.walker@example.com
Eva,Anderson,Unknown,02/12/06,00000069,18127722,eva.anderson@example.com
Fred,Garcia,Male,11/23/00,00000070,46742395,fred.garcia@example.com
Gina,Walker,Unknown,08/23/04,00000071,14286030,gina.walker@example.com
Howard,Wilson,Female,07/25/03,00000072,35418902,howard.wilson@example.com
Ivy,Wilson,Unknown,07/01/03,00000073,38489163,ivy.wilson@example.com
Jerry,Lewis,Unknown,08/06/03,00000074,24855042,jerry.lewis@example.com
Kyle,Walker,Unknown,11/05/01,00000075,18195258,kyle.walker@example.com
Linda,Taylor,Female,11/05/05,00000076,67131108,linda.taylor@example.com
Mark,Williams,Unknown,04/11/06,00000077,75452073,mark.williams@example.com
Nora,Wilson,Unknown,05/08/06,00000078,16142712,nora.wilson@example.com
Olive,Baker,Male,04/16/02,00000079,31777339,olive.baker@example.com
